"";"list_1";"list_2";"list_3";"list_4";"list_5";"list_6";"list_7";"list_8";"list_9";"list_10"
"1";6;5;7;8;7;9;2;9;8;8
"2";2;7;8;4;9;7;7;8;5;6
"3";7;6;1;7;8;5;5;2;2;7
"4";1;4;2;1;1;4;1;6;9;5
"5";4;1;5;2;6;1;6;5;1;4
"6";5;2;4;5;2;3;4;1;4;9
"7";8;9;9;6;4;2;8;4;7;2
"8";9;8;6;9;5;6;9;7;6;1
"9";5;9;9;6;8;9;8;1;2;9
"10";2;5;1;1;4;1;9;5;4;2
"11";3;6;3;8;1;2;2;8;8;4
"12";8;8;7;2;2;8;0;7;5;8
"13";4;3;5;5;9;3;6;9;1;7
"14";9;2;6;7;3;6;4;4;9;1
"15";1;7;3;3;7;7;5;2;7;5
"16";7;1;4;4;5;5;1;6;6;6
"17";1;7;1;8;4;1;1;6;7;4
"18";8;5;2;9;2;4;2;5;4;8
"19";2;8;4;6;5;2;3;7;8;6
"20";9;3;8;4;7;6;7;2;6;9
"21";5;9;6;2;8;7;4;3;2;1
"22";7;2;5;1;6;9;8;4;9;7
"23";4;6;7;5;1;5;5;9;1;2
"24";6;4;9;7;9;8;9;1;5;5
"25";4;4;4;6;9;6;9;7;3;0
"26";5;9;3;4;1;7;2;0;6;1
"27";6;6;1;1;4;8;5;1;1;4
"28";3;2;5;8;3;1;8;5;4;9
"29";9;8;7;2;6;3;1;2;3;8
"30";2;1;6;9;7;2;7;4;7;5
"31";7;5;9;7;5;5;4;3;9;6
"32";1;7;2;5;8;9;6;9;2;2
"33";4;7;8;4;1;1;1;7;5;7
"34";7;4;1;0;4;4;4;1;7;1
"35";6;6;9;5;8;7;8;6;4;2
"36";1;5;0;8;3;8;9;5;6;3
"37";8;2;6;1;2;2;7;8;2;5
"38";2;1;2;2;5;9;5;2;9;4
"39";3;9;7;6;6;5;6;9;8;6
"40";9;3;4;9;9;6;2;4;1;9
"41";5;9;9;5;8;5;6;6;4;7
"42";6;1;7;8;0;6;5;9;2;2
"43";1;7;8;9;7;8;1;1;6;1
"44";0;6;1;1;4;1;8;5;3;4
"45";9;2;4;6;6;7;9;2;1;9
"46";4;5;2;7;2;4;3;4;5;8
"47";7;8;5;2;1;2;7;7;9;5
"48";8;4;6;4;9;9;2;3;7;6
"49";8;8;2;3;4;5;5;1;6;8
"50";1;1;7;8;8;6;4;8;8;9
"51";4;7;6;6;1;4;7;7;9;3
"52";9;9;1;9;2;7;1;9;2;2
"53";6;0;9;7;5;9;2;4;4;1
"54";7;5;5;4;9;1;9;2;7;5
"55";2;6;4;2;7;0;8;6;0;3
"56";5;2;8;5;6;2;3;5;1;6
"57";1;6;7;8;6;6;9;8;4;6
"58";4;1;2;4;5;7;4;4;2;2
"59";6;8;5;6;2;2;7;6;5;1
"60";8;2;8;2;7;5;8;1;9;4
"61";2;5;4;3;4;9;6;9;3;5
"62";9;9;3;9;9;8;2;3;8;7
"63";5;7;1;5;1;4;5;5;7;9
"64";7;4;9;1;8;1;1;2;1;8
"65";6;8;5;6;4;9;9;6;3;1
"66";5;5;7;1;9;3;6;1;6;6
"67";7;3;1;4;2;5;4;5;8;5
"68";2;4;9;7;8;6;8;9;2;7
"69";9;1;8;2;1;2;5;8;9;2
"70";8;9;4;3;5;8;1;7;7;9
"71";1;6;6;8;7;0;7;2;1;8
"72";3;7;2;9;6;1;2;4;5;4
"73";4;1;8;5;4;8;9;4;8;8
"74";5;3;6;7;7;7;7;5;2;4
"75";6;5;2;1;2;5;2;1;6;5
"76";7;4;1;2;9;9;8;7;9;7
"77";8;6;4;4;6;1;3;8;1;1
"78";3;2;9;9;5;2;1;2;4;2
"79";2;9;5;6;3;6;4;6;5;9
"80";9;7;0;8;1;4;6;9;7;6
"81";5;7;9;6;6;6;6;8;9;2
"82";1;6;7;4;4;8;8;3;0;8
"83";9;1;4;2;8;5;5;6;8;7
"84";6;4;2;5;5;9;7;4;5;3
"85";0;5;6;7;9;1;1;7;2;4
"86";7;8;8;9;0;7;2;0;6;9
"87";4;9;5;1;1;2;9;9;4;1
"88";8;2;1;8;2;4;3;2;1;6
"89";4;5;8;3;5;7;6;1;6;4
"90";2;7;4;9;1;9;8;9;9;5
"91";1;2;7;2;2;5;5;7;2;8
"92";9;9;6;5;7;6;1;6;7;9
"93";6;8;9;8;4;1;9;8;4;7
"94";7;4;1;1;9;4;4;5;8;3
"95";5;6;2;6;6;2;7;4;5;1
"96";8;1;5;7;8;8;2;2;1;2
"97";6;0;2;7;3;6;4;5;1;9
"98";8;5;9;5;9;2;1;1;5;7
"99";2;4;3;2;1;1;9;7;8;1
"100";5;7;1;4;2;9;3;9;4;5
"101";9;9;8;8;4;3;5;4;6;2
"102";4;2;5;6;6;7;2;6;2;8
"103";3;1;4;9;5;4;6;2;7;4
"104";1;6;7;1;7;5;7;8;9;3
"105";6;8;6;1;8;7;8;1;7;5
"106";9;6;5;4;4;9;2;4;1;8
"107";1;9;1;6;2;1;5;2;8;7
"108";4;4;9;2;9;2;1;9;2;4
"109";7;5;8;8;1;3;6;3;6;1
"110";5;3;2;0;3;4;7;7;9;2
"111";8;7;7;7;5;6;0;8;5;0
"112";2;2;4;5;6;5;9;6;4;6
"113";5;1;8;1;5;1;6;2;2;9
"114";4;5;7;8;4;6;7;1;6;6
"115";1;6;6;9;2;2;4;9;8;8
"116";8;8;5;5;1;4;3;4;7;4
"117";6;7;1;2;9;9;2;3;9;2
"118";9;9;2;6;7;7;1;7;4;1
"119";7;4;3;7;8;5;8;5;1;5
"120";2;3;9;4;6;8;5;6;5;7
"121";5;8;8;7;8;1;2;7;8;1
"122";2;2;9;4;4;2;4;4;7;7
"123";1;6;6;8;1;8;5;1;6;5
"124";7;4;3;2;2;6;8;8;2;8
"125";9;9;4;6;9;4;6;2;4;6
"126";4;7;1;3;7;9;9;9;9;4
"127";6;1;2;9;5;7;1;6;1;9
"128";8;5;7;1;6;0;7;5;0;2
"129";8;8;5;5;3;6;2;7;5;5
"130";4;5;8;6;1;4;5;2;1;3
"131";9;6;2;1;4;8;8;4;8;6
"132";3;1;1;7;9;7;1;5;7;7
"133";1;4;9;4;2;5;9;1;4;8
"134";5;9;4;2;5;2;7;8;2;4
"135";2;7;3;8;6;9;4;9;6;1
"136";6;0;6;9;8;1;6;6;9;9
"137";3;8;9;1;1;7;7;8;1;8
"138";6;2;2;7;2;4;8;5;2;6
"139";8;5;7;2;9;6;5;6;8;1
"140";7;7;8;8;4;2;0;1;9;9
"141";5;1;5;9;7;9;9;4;4;2
"142";9;6;1;5;8;8;6;9;5;4
"143";1;9;6;6;5;1;2;7;7;7
"144";4;4;4;4;6;5;1;2;6;5
"145";3;5;7;6;6;2;5;8;4;2
"146";7;6;8;4;3;6;2;6;6;5
"147";5;1;2;1;4;9;6;7;3;0
"148";9;9;4;7;8;1;7;4;8;9
"149";6;7;6;9;7;5;8;9;9;6
"150";4;2;1;8;3;3;9;5;1;7
"151";8;4;5;2;9;8;4;1;7;8
"152";1;8;9;5;1;4;1;2;5;4
"153";9;8;6;2;7;1;1;9;9;6
"154";6;4;4;4;2;5;4;5;3;8
"155";5;3;5;9;9;8;5;6;8;5
"156";1;1;2;1;8;7;3;8;6;4
"157";4;9;9;0;1;2;9;3;5;2
"158";2;6;1;7;0;6;6;1;2;1
"159";7;2;7;6;6;4;2;2;1;7
"160";8;7;8;5;4;9;8;7;7;3
"161";2;3;9;3;9;5;7;1;4;5
"162";9;5;7;4;2;4;6;7;9;4
"163";5;1;0;6;7;3;4;8;2;2
"164";4;8;5;9;4;8;2;4;8;8
"165";8;2;8;1;5;2;3;2;1;7
"166";0;7;2;5;1;1;5;5;6;3
"167";6;9;6;2;8;6;9;0;5;6
"168";1;4;1;7;6;9;1;9;3;9
"169";4;6;5;7;1;5;6;8;1;8
"170";9;1;7;5;4;7;8;1;4;1
"171";1;5;6;2;6;2;7;5;5;9
"172";5;8;9;8;8;4;5;2;6;5
"173";6;7;3;1;9;6;2;7;8;6
"174";2;4;1;4;7;1;9;9;3;3
"175";7;9;8;9;5;9;1;4;7;7
"176";8;2;2;3;3;8;4;6;2;2
"177";9;8;6;7;5;5;1;3;5;8
"178";3;1;5;6;7;4;6;1;2;9
"179";4;2;4;9;1;2;8;4;8;1
"180";6;6;7;3;2;6;7;9;3;4
"181";7;9;9;8;9;1;5;3;4;7
"182";5;5;1;4;8;9;2;8;7;2
"183";8;4;2;1;6;8;4;7;6;5
"184";3;7;8;5;4;7;9;6;1;6
"185";8;3;1;8;9;6;2;4;5;8
"186";5;6;8;1;0;5;5;7;9;5
"187";6;9;9;6;6;7;1;1;0;6
"188";9;4;5;9;8;9;4;2;4;7
"189";7;1;4;2;1;8;3;9;1;9
"190";4;5;2;7;2;1;7;6;8;2
"191";2;7;6;4;7;2;9;5;6;3
"192";1;8;7;5;5;4;6;0;2;1
"193";3;9;6;8;6;7;7;4;9;4
"194";5;2;8;5;7;3;5;1;7;1
"195";1;5;3;7;1;4;6;7;5;7
"196";2;1;5;1;9;9;4;5;6;6
"197";8;8;9;6;2;6;9;9;4;9
"198";4;4;2;2;4;2;2;6;8;2
"199";7;7;0;4;8;8;8;8;1;8
"200";6;6;7;9;5;1;1;2;2;5
"201";8;8;4;1;4;5;1;1;5;2
"202";1;4;7;8;2;3;3;6;7;0
"203";6;7;8;7;7;4;4;5;6;6
"204";4;5;2;5;5;2;9;7;4;8
"205";5;3;9;9;9;6;6;9;8;5
"206";2;9;5;6;6;1;8;8;9;4
"207";9;1;1;2;1;7;2;4;1;1
"208";7;2;6;0;3;8;7;2;2;7
"209";6;1;2;4;2;1;2;7;6;2
"210";8;6;7;5;6;2;6;4;1;9
"211";1;8;1;1;7;5;7;6;9;4
"212";4;7;4;7;9;6;4;1;7;5
"213";9;9;6;8;8;9;8;5;2;7
"214";5;4;5;2;5;8;0;8;4;8
"215";2;2;9;9;1;7;5;9;5;1
"216";7;5;8;6;4;0;1;2;8;6
"217";8;7;1;3;2;8;6;5;9;4
"218";2;9;6;6;6;2;8;2;1;5
"219";9;1;3;4;8;1;1;4;6;8
"220";4;6;8;1;3;5;4;9;4;7
"221";7;0;5;7;7;6;7;1;3;9
"222";5;4;4;9;5;9;5;7;2;2
"223";0;2;7;5;9;4;9;6;5;6
"224";6;5;9;8;1;7;2;8;8;1
"225";9;7;1;7;9;6;7;7;6;9
"226";2;8;2;5;8;8;1;9;5;2
"227";8;4;8;8;4;5;6;2;4;1
"228";6;1;4;2;2;9;4;1;9;5
"229";5;2;3;4;3;1;9;5;8;7
"230";7;6;5;1;1;4;2;6;2;6
"231";4;5;7;6;5;2;5;3;7;4
"232";1;9;6;9;7;7;8;8;1;8
"233";9;5;8;8;3;9;1;7;3;8
"234";5;7;4;6;4;7;9;9;4;1
"235";7;2;1;1;9;6;5;8;6;9
"236";6;9;9;7;6;3;2;3;2;2
"237";4;6;2;9;5;5;8;5;7;7
"238";8;4;7;5;0;1;7;2;5;4
"239";1;8;6;2;2;4;4;6;9;6
"240";2;1;5;3;1;8;6;1;8;5
"241";8;5;1;7;4;6;1;2;1;9
"242";9;4;3;9;7;9;6;7;3;4
"243";4;1;8;8;6;1;9;1;9;6
"244";3;6;4;6;1;7;7;9;6;8
"245";6;7;5;4;2;5;2;6;8;1
"246";1;0;6;3;5;8;4;5;7;7
"247";7;8;2;5;8;2;8;4;4;2
"248";2;9;7;1;9;4;5;8;2;5
"249";3;6;5;7;7;6;5;9;7;1
"250";2;8;7;5;8;5;4;6;5;8
"251";6;5;9;2;9;0;6;2;1;9
"252";8;2;2;8;2;7;1;1;8;7
"253";7;1;8;9;5;2;9;7;4;4
"254";5;4;4;1;1;4;8;5;2;5
"255";9;9;0;6;4;8;2;0;6;0
"256";1;7;1;4;6;1;3;8;9;2
"257";5;1;6;9;1;4;8;1;1;1
"258";9;8;7;6;5;9;6;2;9;8
"259";6;7;8;1;4;8;1;6;4;6
"260";2;6;4;8;6;2;9;9;8;9
"261";4;9;9;2;9;7;7;3;6;5
"262";7;2;5;4;2;1;2;8;7;3
"263";8;5;1;5;3;5;4;4;2;2
"264";3;4;2;7;7;6;5;7;3;4
"265";9;4;2;4;6;4;0;5;6;7
"266";2;1;6;9;7;2;5;7;1;5
"267";6;8;9;5;1;7;1;9;4;1
"268";1;3;5;8;5;6;9;1;5;8
"269";4;6;1;7;8;1;3;6;7;2
"270";8;9;7;3;9;8;2;8;9;6
"271";0;5;4;2;2;5;8;2;8;9
"272";5;7;8;1;4;3;7;4;2;4
"273";9;3;6;1;7;2;8;9;0;7
"274";4;6;3;4;2;5;4;8;7;3
"275";6;7;4;2;4;7;2;5;4;6
"276";8;2;9;6;9;3;7;7;6;8
"277";2;1;2;7;5;9;5;4;5;1
"278";1;9;5;5;1;8;6;2;2;2
"279";5;3;8;8;6;1;3;1;9;4
"280";7;5;7;0;8;6;1;6;8;3
"281";9;4;9;2;4;9;6;2;4;9
"282";7;8;4;1;5;7;8;8;6;6
"283";1;1;1;6;8;2;4;6;7;8
"284";6;5;5;3;7;6;7;1;5;5
"285";2;7;2;5;9;4;9;9;8;7
"286";8;2;8;9;2;1;5;3;2;4
"287";4;6;7;7;6;5;2;5;9;1
"288";5;9;6;4;1;8;1;7;1;3
"289";9;4;8;6;3;6;2;8;5;6
"290";4;2;4;4;1;9;4;9;8;5
"291";5;6;7;5;5;1;5;2;3;7
"292";7;7;6;7;6;4;9;4;2;9
"293";2;1;2;9;8;7;3;5;7;8
"294";8;8;9;8;9;5;8;7;1;4
"295";3;9;1;1;4;8;6;1;9;1
"296";6;5;5;2;0;2;1;6;4;2
"297";5;1;2;7;1;9;2;0;7;6
"298";9;8;4;8;6;7;4;2;9;5
"299";8;6;5;3;2;4;9;7;5;1
"300";1;2;1;6;4;1;8;1;1;8
"301";2;7;8;2;5;8;3;8;8;2
"302";4;9;9;5;7;3;1;5;6;9
"303";7;5;7;4;9;6;6;9;2;4
"304";6;4;6;9;8;2;5;4;4;0
"305";2;6;4;5;9;5;2;1;4;8
"306";1;5;3;8;6;8;1;9;5;2
"307";8;0;1;6;4;4;6;5;9;5
"308";6;1;8;0;2;6;4;6;2;4
"309";4;4;7;1;3;3;5;7;6;1
"310";7;2;9;7;7;2;3;8;8;6
"311";9;7;3;9;8;7;7;2;1;9
"312";5;9;6;3;5;1;8;4;7;7
"313";1;9;8;4;4;1;6;6;4;6
"314";4;6;4;6;8;4;4;1;1;5
"315";5;4;1;5;7;2;1;7;9;1
"316";9;1;6;9;6;9;9;5;8;2
"317";8;8;7;2;9;6;5;3;5;7
"318";3;7;5;7;2;5;7;2;7;9
"319";6;2;3;1;1;8;2;8;2;3
"320";7;5;2;8;5;7;8;4;6;4
"321";7;3;4;1;4;8;2;3;1;4
"322";6;2;2;5;2;7;7;8;2;1
"323";4;4;5;8;8;1;5;5;5;5
"324";1;6;9;6;5;6;8;1;0;8
"325";2;1;6;9;6;0;1;7;9;9
"326";8;7;7;7;7;4;4;2;8;2
"327";9;5;1;2;1;2;6;4;4;7
"328";5;3;8;4;9;5;9;6;3;6
"329";6;1;5;2;5;7;1;4;8;4
"330";8;2;9;4;8;8;0;7;9;5
"331";9;8;6;5;1;2;9;8;6;1
"332";0;6;0;6;6;4;8;6;5;2
"333";4;4;2;7;4;9;6;9;7;7
"334";5;5;8;1;7;3;2;1;4;3
"335";2;7;7;9;2;1;5;2;2;8
"336";1;9;4;8;9;6;7;5;1;6
"337";4;2;7;6;7;8;8;9;4;2
"338";1;5;5;8;6;1;5;7;9;5
"339";6;7;4;7;1;2;4;1;5;4
"340";2;4;9;9;2;5;7;8;2;7
"341";8;1;3;5;5;3;1;6;8;1
"342";7;8;2;2;9;4;6;5;7;9
"343";9;9;6;3;4;9;2;4;1;8
"344";5;6;1;4;8;6;9;2;6;6
"345";8;7;7;8;7;2;3;1;2;1
"346";6;1;6;1;1;6;9;2;3;2
"347";5;9;9;6;8;4;7;6;5;6
"348";9;6;5;7;6;9;8;3;7;3
"349";1;2;2;2;5;1;1;7;8;7
"350";7;8;4;9;9;7;6;4;6;9
"351";4;4;8;4;2;5;5;5;1;4
"352";2;5;1;3;4;8;2;8;9;3
"353";7;9;9;8;1;8;8;9;8;7
"354";6;2;8;2;4;9;1;3;4;9
"355";9;7;2;5;3;1;2;5;5;2
"356";8;5;4;7;9;6;7;6;9;5
"357";1;1;5;4;8;7;4;8;2;6
"358";5;6;1;6;7;4;5;2;1;1
"359";2;4;6;1;6;5;6;1;3;8
"360";4;8;7;9;5;2;9;7;6;4
"361";8;0;6;5;4;5;3;4;9;4
"362";3;1;4;4;2;8;6;1;4;7
"363";1;9;7;2;1;2;9;6;1;6
"364";4;8;2;7;6;1;5;7;0;9
"365";6;6;9;9;9;4;8;3;7;5
"366";7;5;0;1;7;6;4;8;8;2
"367";2;3;5;8;8;7;7;2;5;1
"368";9;2;8;0;3;9;2;9;6;8
"369";0;7;9;7;9;8;7;9;6;2
"370";6;4;8;8;7;9;8;6;8;7
"371";5;2;2;4;8;4;4;2;9;4
"372";4;9;4;6;2;0;2;4;7;5
"373";9;6;5;1;6;2;6;8;1;6
"374";2;8;1;5;5;7;5;7;2;9
"375";3;1;7;2;4;5;1;1;5;8
"376";7;5;6;9;0;1;9;5;4;1
"377";8;4;4;6;9;3;4;9;1;3
"378";9;2;5;3;2;2;6;7;9;4
"379";1;6;9;2;7;9;7;2;7;5
"380";6;7;1;7;6;5;5;5;3;8
"381";5;3;3;5;5;1;2;4;8;2
"382";7;8;8;4;4;6;8;6;5;6
"383";3;9;2;8;8;4;9;0;2;1
"384";4;5;6;1;3;7;3;1;6;7
"385";7;5;8;7;2;5;9;1;8;2
"386";1;8;1;9;5;8;5;6;4;0
"387";6;4;6;6;1;7;6;5;6;7
"388";9;7;5;8;7;6;2;8;7;1
"389";4;2;3;1;8;3;7;9;9;8
"390";8;1;7;5;4;2;8;4;2;5
"391";2;3;2;4;6;1;4;2;5;9
"392";5;9;9;2;9;9;0;7;1;6
"393";6;5;4;2;7;4;7;6;6;2
"394";2;6;9;1;4;7;8;9;2;7
"395";5;7;8;6;8;5;2;8;7;6
"396";4;2;6;9;1;8;1;2;4;4
"397";9;9;3;8;9;9;6;5;5;5
"398";7;8;1;5;5;6;4;1;9;8
"399";3;3;5;7;2;2;5;4;1;1
"400";8;1;7;4;6;1;9;7;8;9
"401";8;2;1;8;1;6;8;1;5;5
"402";9;4;7;2;4;8;5;9;7;8
"403";4;5;5;9;7;9;7;4;3;2
"404";7;8;4;5;2;2;6;6;2;6
"405";5;3;8;1;6;4;1;8;8;1
"406";3;6;2;6;5;3;4;2;1;7
"407";2;7;9;7;3;1;3;7;6;9
"408";6;1;6;3;8;7;9;5;9;4
"409";1;4;9;2;4;5;7;5;9;5
"410";5;7;6;8;9;7;1;6;3;8
"411";4;1;3;1;2;8;4;2;4;1
"412";2;2;4;6;3;3;8;3;5;2
"413";7;5;8;5;5;1;5;9;6;9
"414";8;8;1;4;6;2;6;4;2;7
"415";9;6;7;7;7;4;2;1;7;6
"416";6;9;5;3;1;6;3;7;8;4
"417";8;8;2;9;6;8;1;2;1;3
"418";1;2;7;7;4;9;4;8;6;9
"419";7;6;3;2;5;4;2;4;5;4
"420";2;1;8;5;8;1;8;5;4;8
"421";4;9;5;8;1;6;5;9;9;6
"422";6;7;9;1;7;0;7;6;8;1
"423";9;4;6;4;0;7;9;7;7;7
"424";5;5;1;6;9;5;6;3;0;2
"425";1;8;1;3;8;7;8;6;1;3
"426";7;9;0;7;6;6;2;9;7;8
"427";4;7;5;9;2;4;7;8;4;1
"428";9;2;7;8;5;5;6;1;2;9
"429";8;5;9;2;9;1;4;7;8;7
"430";6;0;8;1;1;9;9;0;9;4
"431";3;4;4;5;7;8;5;4;6;5
"432";5;6;2;6;4;2;1;2;5;2
"433";6;6;1;5;9;7;2;6;4;9
"434";4;8;7;2;1;2;4;9;9;5
"435";7;4;4;7;6;6;8;5;7;2
"436";1;1;9;6;2;5;6;2;8;8
"437";0;2;5;1;5;4;9;4;1;3
"438";2;5;2;9;8;8;7;8;5;1
"439";9;9;6;4;7;9;1;7;2;4
"440";5;7;8;8;4;3;5;1;6;6
"441";1;8;9;4;1;6;3;1;8;0
"442";2;3;4;5;6;9;8;9;5;7
"443";6;6;1;0;4;8;2;2;2;2
"444";8;4;5;2;8;2;4;6;9;9
"445";9;7;7;1;7;5;5;7;7;5
"446";5;5;8;7;2;7;1;4;3;8
"447";7;1;6;9;5;1;0;3;1;1
"448";4;2;2;8;9;4;7;5;6;6
"449";9;9;6;6;9;8;8;9;9;6
"450";4;2;8;5;2;4;9;4;1;4
"451";5;1;1;1;8;2;6;8;6;5
"452";8;4;4;4;4;9;2;1;5;2
"453";2;5;7;9;1;6;4;2;7;7
"454";6;7;9;7;6;7;1;6;2;9
"455";1;8;2;8;7;1;7;5;4;8
"456";3;6;5;2;5;5;5;7;8;1
"457";8;7;5;8;1;4;5;7;7;2
"458";4;3;8;7;2;7;7;8;4;9
"459";5;9;4;3;5;3;9;2;1;3
"460";1;1;2;5;7;6;1;4;8;4
"461";7;4;7;1;4;9;6;1;2;7
"462";2;8;9;6;8;2;4;6;9;5
"463";6;5;1;2;9;5;8;9;6;6
"464";9;2;6;4;6;1;2;5;5;8
"465";7;7;9;5;1;7;2;4;3;6
"466";6;8;4;6;9;0;3;1;9;4
"467";9;5;2;1;5;9;4;5;6;1
"468";3;0;1;4;7;8;1;3;4;2
"469";5;1;7;9;2;5;8;8;7;9
"470";4;2;6;8;6;1;7;7;8;8
"471";8;6;5;7;8;6;6;2;2;7
"472";1;9;8;2;4;2;9;6;3;3
"473";4;6;8;5;2;6;2;4;2;8
"474";6;7;2;3;0;7;4;8;5;1
"475";2;5;4;7;1;1;6;1;9;5
"476";5;2;6;2;5;8;3;6;7;9
"477";3;8;9;4;8;9;9;5;8;2
"478";1;3;5;1;9;4;5;9;1;0
"479";9;1;1;8;6;2;1;2;4;4
"480";8;9;7;9;4;5;7;7;6;6
"481";2;6;7;2;3;2;5;6;2;2
"482";6;8;2;9;4;4;3;1;4;9
"483";5;9;5;4;8;8;7;5;9;5
"484";8;1;8;1;1;5;1;3;6;4
"485";1;5;9;7;9;9;2;4;8;8
"486";4;7;6;6;7;7;8;7;1;1
"487";7;4;4;8;2;1;4;9;7;7
"488";9;2;3;0;5;6;9;8;0;6
"489";9;4;4;7;8;9;8;4;5;5
"490";1;7;8;4;5;6;2;3;6;8
"491";0;5;6;5;3;2;6;9;9;1
"492";8;6;5;9;9;3;5;2;1;6
"493";7;1;3;2;6;1;4;1;2;2
"494";5;9;2;8;7;4;7;7;4;9
"495";6;8;7;6;2;7;1;8;7;3
"496";4;2;9;1;3;8;0;5;8;4
"497";4;1;1;1;6;1;6;9;9;2
"498";8;8;8;8;5;5;2;5;4;7
"499";7;4;2;9;7;9;9;7;8;4
"500";1;5;4;5;1;7;7;6;5;8
"501";6;3;9;4;4;8;1;0;2;5
"502";5;7;5;7;8;2;8;1;1;6
"503";2;2;0;6;9;3;4;8;6;1
"504";9;6;7;3;2;4;5;4;3;9
"505";5;9;8;4;5;7;5;6;9;6
"506";7;7;2;6;2;9;4;7;2;1
"507";6;6;9;2;6;8;1;5;8;4
"508";9;5;7;5;4;1;6;3;6;2
"509";8;8;6;7;8;6;2;2;1;9
"510";2;2;4;1;9;4;7;1;4;7
"511";1;1;5;3;1;2;9;4;7;8
"512";4;4;1;9;7;5;8;9;5;5
"513";4;4;7;5;1;8;8;8;2;1
"514";7;3;5;6;7;9;6;3;5;8
"515";6;9;6;8;2;1;1;1;7;7
"516";8;1;2;2;9;6;5;2;4;5
"517";3;5;4;9;5;3;2;4;8;6
"518";9;8;9;7;8;5;7;9;9;4
"519";5;6;8;4;6;4;9;6;1;9
"520";1;2;1;3;4;2;4;7;6;2
"521";0;3;2;9;7;6;9;2;1;4
"522";1;4;1;2;1;7;1;5;7;8
"523";5;2;7;7;0;4;3;9;5;2
"524";6;5;8;5;2;5;6;6;2;5
"525";7;8;4;4;5;8;5;4;8;6
"526";2;1;5;1;8;9;2;7;9;7
"527";9;9;6;6;4;2;8;8;6;9
"528";8;7;3;8;6;1;7;1;4;1
"529";7;9;7;5;6;5;8;1;4;7
"530";5;1;1;4;9;8;6;5;8;2
"531";2;6;8;2;3;1;7;4;7;8
"532";1;8;9;6;7;6;4;9;6;6
"533";4;7;6;8;1;7;9;7;9;1
"534";6;2;5;0;5;4;0;6;1;9
"535";8;5;4;1;8;2;2;2;3;4
"536";9;4;2;9;4;9;5;8;2;3
"537";1;0;3;5;8;3;8;3;5;5
"538";5;7;5;2;4;4;5;7;6;2
"539";3;1;8;7;7;7;7;6;1;6
"540";7;6;6;6;6;9;9;1;8;8
"541";2;8;1;8;5;6;4;4;3;9
"542";8;2;4;4;1;2;2;8;9;7
"543";4;3;7;1;9;1;6;2;2;4
"544";9;4;2;9;2;8;1;9;4;1
"545";5;8;2;6;9;6;5;1;0;9
"546";9;2;6;7;7;2;8;8;9;8
"547";4;5;1;1;3;1;6;4;7;2
"548";6;1;7;2;2;8;9;5;6;1
"549";8;4;9;8;4;4;1;9;1;0
"550";7;9;3;9;5;0;2;7;2;4
"551";2;6;5;4;6;9;4;6;4;5
"552";1;7;4;5;3;5;7;0;5;6
"553";4;1;7;2;8;7;4;9;8;5
"554";2;9;6;1;6;8;1;2;2;6
"555";9;6;4;4;4;9;5;5;3;3
"556";8;5;8;6;7;2;2;8;1;8
"557";1;4;9;8;5;6;8;4;6;1
"558";5;7;5;9;1;1;9;1;9;9
"559";6;2;1;7;2;3;6;6;4;2
"560";7;8;0;3;9;4;3;7;5;7
